{
  "company":[
    {
      "name":"Swisscom",
      "id":101,
      "contact":"Ela Celik",
      "phone":"0794105068",
      "email":"ela.celik@swisscom.com",
      "url":"www.swisscom.ch",
      "profession":"Mediamatiker*innen"
    },
    {
      "id":102,
      "name":"Coop",
      "contact":"Enya Scarpel",
      "phone":"0794112037",
      "email":"enya.scarpel@coop.com",
      "url":"www.coop.ch",
      "profession":"Mediamatiker*innen"
    },
    {
      "id":103,
      "name":"ETH",
      "contact":"Luca Maiani",
      "phone":"0787108960",
      "email":"luca.maiani@eth.com",
      "url":"www.eth.ch",
      "profession":"Mediamatiker*innen"
    }
  ]
}